"string","stringtranslated"
"The iteration will occur every ...","The iteration will occur every ..."
"The iteration will occur every %1 %2","The iteration will occur every %1 %2"
"Day(s)","Day(s)"
"Month(s)","Month(s)"
"Trial will end after","Trial will end after"
"Leave blank if product trial is not offered.","Leave blank if product trial is not offered."
"Subscription will automatically start when customer completes the checkout.","Subscription will automatically start when customer completes the checkout."
"Customer will specify when the subscription for the product should start.","Customer will specify when the subscription for the product should start."
"Subscription will automatically start on the last day of the current month.","Subscription will automatically start on the last day of the current month."
"Estimated","Estimated"
"savings to the end consumer during the trial period.","savings to the end consumer during the trial period."
"Recurring option price will always match the product price.","Recurring option price will always match the product price."
"discount will be offered for all recurring options below.","discount will be offered for all recurring options below."
"Recurring schedule to be picked by the end consumer","Recurring schedule to be picked by the end consumer"
"Fee chanrged once upon creation of the subscription. Leave blank if subscription has no initial fee.","Fee chanrged once upon creation of the subscription. Leave blank if subscription has no initial fee."
"savings to the end consumer","savings to the end consumer"
"Product trial is not offered.","Product trial is not offered."
"for %s","for %s"
"in %s","in %s"
"Choose a Customer","Choose a Customer"
"for a New Customer", "for a New Customer"
"Add","Add"
"Configure & Add","Configure & Add"
"Change","Change"
"Shipping Method","Shipping Method"
"Estimated Payment","Estimated Payment"
"Selected on next step","Selected on next step"
"Subscription","Subscription"
"every","every"
"times","times"
"&amp; bill","&amp; bill"
"today","today"
"Select a product","Select a product"
"Total of %s shipment(s). Products will be shipped every %s starting %s.","Total of %s shipment(s). Products will be shipped every %s starting %s."
"Shipping method is required and can't be empty.","Shipping method is required and can't be empty."
